Life Jacket,350.0,50,images/2021-10-21_1634803807350.jpg,very good!,Max Store,10
Swimming Goggles,150.0,25,images/2021-10-21_1634803850007.jpg,swimming is good!,Max Store,10
Fancy PP Swimming,99.0,15,images/2021-10-21_1634803907971.jpg,easy swimming,Max Store,5
View-Anti Fog,50.0,13,images/2021-10-21_1634803933112.jpg,No fog no fear,Max Store,3
Football,99.0,50,images/2021-10-21_1634804560097.jpg,Messi,Nam Store,10
Baseball Bat,1500.0,15,images/2021-10-21_1634805452446.jpg,The Strongest bat,Nam Store,5
Tennis Racket,2300.0,50,images/2021-10-21_1634805498696.jpg,So Cheap,Nam Store,10
Whistle,15.0,200,images/2021-10-21_1634805545848.jpg,If you want to be a coach,Nam Store,50
Bad minton,100.0,20,images/2021-10-21_1634805659753.jpg,Let's gooo,Kan Store,2
Ping pong,150.0,30,images/2021-10-21_1634805698631.jpg,You Like Red,Kan Store,5
Volley Ball,59.0,123,images/2021-10-21_1634805723055.jpg,MVA390,Kan Store,20
Rugby,89.0,22,images/2021-10-21_1634805761452.jpg,American man!,Kan Store,2
